ranked_1_johnson,SITE_+/-7_AA_johnson
AAK1,['SQITSQVTGQIGWRR']
AMPKA1,"['FPLRKTASEPNLKVR', 'FPLRKTASEPNLKVR', 'MTPPRNRTLPDLSEV', 'MTPPRNRTLPDLSEV', 'MTPPRNRTLPDLSEV', 'QPLSKSSSSPELQTL', 'EPMRRSVSEAALAQP', 'EPMRRSVSEAALAQP', 'GGIKRTVSEPSLSGL', 'KPITKSKSEANLIPS']"
AMPKA2,"['DELKKVCSTNDLKEL', 'RPMRKSFSQPGLRSL', 'RPMRKSFSQPGLRSL']"
ASK1,"['DRKIIATTLSKLKLE', 'GDNVLINTYSGVLKI', 'DRKIIATTLSKLKLE', 'GDNVLINTYSGVLKI', 'DRKIIATTLSKLKLE', 'GDNVLINTYSGVLKI', 'DRKIIATTLSKLKLE', 'GDNVLINTYSGVLKI', 'LVDSVAKTIDAGCKP', 'LVDSVAKTIDAGCKP']"
ATM,"['SLSSSQCSQSLSVSQ', 'SLSSSQCSQSLSVSQ', 'SLSSSQCSQSLSVSQ', 'SLSSSQCSQSLSVSQ', 'SLSSSQCSQSLSVSQ', 'PCLIIEDSQPESQVL', 'IEDSQPESQVLEDDS', 'LSLTETQSQGLCLQK', 'GVEKCSDSQSWEDIA', 'EPVEQDSSQPSLPLV', 'PCLIIEDSQPESQVL', 'IEDSQPESQVLEDDS', 'LSLTETQSQGLCLQK', 'GVEKCSDSQSWEDIA', 'EPVEQDSSQPSLPLV', 'PCLIIEDSQPESQVL', 'IEDSQPESQVLEDDS', 'LSLTETQSQGLCLQK', 'GVEKCSDSQSWEDIA', 'EPVEQDSSQPSLPLV', 'PCLIIEDSQPESQVL', 'IEDSQPESQVLEDDS', 'LSLTETQSQGLCLQK', 'GVEKCSDSQSWEDIA', 'EPVEQDSSQPSLPLV', 'MILIQDGSQNTNVDK', 'MILIQDGSQNTNVDK', 'THITEQGSQGWDSQS', 'NLSTNADSQSSSDFE', 'THITEQGSQGWDSQS', 'NLSTNADSQSSSDFE', 'THITEQGSQGWDSQS', 'NLSTNADSQSSSDFE', 'THITEQGSQGWDSQS', 'NLSTNADSQSSSDFE', 'THITEQGSQGWDSQS', 'NLSTNADSQSSSDFE', 'THITEQGSQGWDSQS', 'NLSTNADSQSSSDFE', 'THITEQGSQGWDSQS', 'NLSTNADSQSSSDFE', 'EPGTAADSQQIHEEK', 'EEIKSQNSQESTADE', 'YGLEEYDTQDGIAIN', 'EPGTAADSQQIHEEK', 'EEIKSQNSQESTADE', 'YGLEEYDTQDGIAIN', 'EPGTAADSQQIHEEK', 'EEIKSQNSQESTADE', 'YGLEEYDTQDGIAIN', 'QEAREVNSQEEEEEE', 'SGSWDQSSQPVFENV', 'KEFEREETQDKEESV', 'KEFEREETQDKEESV', 'KEFEREETQDKEESV', 'KEFEREETQDKEESV', 'KEFEREETQDKEESV', 'KEFEREETQDKEESV', 'SSLETVSTQELYSIP', 'SSLETVSTQELYSIP', 'SSLETVSTQELYSIP', 'SSLETVSTQELYSIP', 'SSLETVSTQELYSIP', 'SRSRDCSSQTQISSL', 'SRSRDCSSQTQISSL', 'SRSRDCSSQTQISSL', 'SRSRDCSSQTQISSL', 'SRSGEDESQEDVLMD', 'SRSGEDESQEDVLMD', 'SRSGEDESQEDVLMD', 'SRSGEDESQEDVLMD', 'SRSGEDESQEDVLMD', 'SRSGEDESQEDVLMD', 'ALLRCHESQGELSSA', 'ALLRCHESQGELSSA', 'ALLRCHESQGELSSA', 'NILPDQTSQDLKSKE', 'NILPDQTSQDLKSKE', 'GLITINSSQEHLTVQ', 'GLITINSSQEHLTVQ', 'GLITINSSQEHLTVQ', 'KKGDVEGSQSQDEGE', 'SLAFEEGSQSTTISS', 'SLAFEEGSQSTTISS', 'SLAFEEGSQSTTISS', 'SLAFEEGSQSTTISS', 'SLAFEEGSQSTTISS', 'SLAFEEGSQSTTISS', 'MKDDRAESQASSLGQ', 'MQCTLRNSQVLDEDN', 'EVDQNEETQDFEKKL', 'KGTMDDISQEEGSSQ', 'KGTMDDISQEEGSSQ', '____MEDTQAIDWDV', 'SSQDYSTSQEPSVAS', 'SSQDYSTSQEPSVAS', 'SSQDYSTSQEPSVAS', 'SSQDYSTSQEPSVAS', 'TIAESEDSQESVDSV', 'TIAESEDSQESVDSV', 'TIAESEDSQESVDSV', 'TIAESEDSQESVDSV', 'TIAESEDSQESVDSV', 'TIAESEDSQESVDSV', 'SDSDSSSSQSDDIEQ', 'SDSDSSSSQSDDIEQ', 'SDSDSSSSQSDDIEQ', 'SDSDSSSSQSDDIEQ', 'SDSDSSSSQSDDIEQ', 'DQMVNEDSQVQITPN', 'SEAMSLESQESPNEN', 'HTPKTADSQETKESQ', 'VDTGITNSQTLIPDC', 'VPESSKISQENEIGK', 'VDTGITNSQTLIPDC', 'VPESSKISQENEIGK', 'VDTGITNSQTLIPDC', 'VPESSKISQENEIGK', 'VDTGITNSQTLIPDC', 'VPESSKISQENEIGK', 'SSSEEMESQLQERVE', 'SSSEEMESQLQERVE', 'SSSEEMESQLQERVE', 'QNHEKQESQDLRATA', 'RQEGRSSTQTLEDSW', 'DLDLTADSQPPVFKV', 'DLAHSSESQETISSM', 'VGVLCTDSQGLNLGC', 'EQRGERDSQTQAILT', 'LSDTDSHSQDLGSPE', 'GNSDSSSSQPLRTEN', 'DYNETDWSQEFISEV']"
ATR,"['DSPGEPCSQECIILQ', 'LRSELSQSQHEVNED', 'LRSELSQSQHEVNED', 'GDHTIRQSQQPMKPI', 'KDPVSPASQKMVIQG', 'KALIERPSQNNIGIQ', 'QELQQPQTQEKTSNS', 'GDHTIRQSQQPMKPI', 'KDPVSPASQKMVIQG', 'KALIERPSQNNIGIQ', 'QELQQPQTQEKTSNS', 'GDHTIRQSQQPMKPI', 'KDPVSPASQKMVIQG', 'KALIERPSQNNIGIQ', 'QELQQPQTQEKTSNS', 'GDHTIRQSQQPMKPI', 'KDPVSPASQKMVIQG', 'KALIERPSQNNIGIQ', 'QELQQPQTQEKTSNS', 'GDHTIRQSQQPMKPI', 'KDPVSPASQKMVIQG', 'KALIERPSQNNIGIQ', 'QELQQPQTQEKTSNS', 'GDHTIRQSQQPMKPI', 'KDPVSPASQKMVIQG', 'KALIERPSQNNIGIQ', 'QELQQPQTQEKTSNS', 'EGNSVPASQSVAALT', 'IEEIQAGSQGQAGAS', 'GKVNNIPSQSTRHST', 'QVILAKASQEHHLSE', 'KSSEYPISQNPEGLS', 'GKVNNIPSQSTRHST', 'QVILAKASQEHHLSE', 'KSSEYPISQNPEGLS', 'GKVNNIPSQSTRHST', 'QVILAKASQEHHLSE', 'KSSEYPISQNPEGLS', 'GKVNNIPSQSTRHST', 'QVILAKASQEHHLSE', 'KSSEYPISQNPEGLS', 'GKVNNIPSQSTRHST', 'QVILAKASQEHHLSE', 'KSSEYPISQNPEGLS', 'GEDSVSGSQRISSIY', 'GEDSVSGSQRISSIY', 'GFGSPAPSQAEKKSR', 'GFGSPAPSQAEKKSR', 'GFGSPAPSQAEKKSR', 'GFGSPAPSQAEKKSR', 'GFGSPAPSQAEKKSR', 'VHPPLPISQSPENES', 'SEEQVSGSQGPSEEK', 'PVRDTRESQLAHIKD', 'LAPEALPSQGEVERE', 'ETWSLPLSQNSASEL', 'SASELPASQPQPFSA', 'ETWSLPLSQNSASEL', 'SASELPASQPQPFSA', 'TLAHLKESQPAIWNR', 'VVADVRKSQLPAEGD', 'SAPVPSGSQSGGRGS', 'PPGRASPSQGSSPQE', 'PPALPPGSQPIPPTG', 'AAEAAPPTQEAQGET', 'NKSKDRASQQQQTNS', 'NKSKDRASQQQQTNS', 'MFVETQASQGTLQTR', 'VAGQIRATQQQHDFT', 'MFVETQASQGTLQTR', 'VAGQIRATQQQHDFT', 'MFVETQASQGTLQTR', 'VAGQIRATQQQHDFT', 'LGELMLPSQGLKTSA', 'SHGSSACSQPHGSVT', 'DVEELTASQREAAER', 'TNAENTASQSPRTRG', 'LEEESPVSQLFELEI', 'GTSKCPPSQRVPALT', 'KAAELTATQVEEEEE', 'AIEPAPPSQGAEAKG']"
BRAF,"['GRELTIDSIMNKVRD', 'GRELTIDSIMNKVRD', 'APNVHINTIEPVNID', 'APNVHINTIEPVNID']"
BUB1,"['NRLKVLYSQKATPGS', 'NRLKVLYSQKATPGS', 'NRLKVLYSQKATPGS', 'NRLKVLYSQKATPGS', 'NRLKVLYSQKATPGS', 'NRLKVLYSQKATPGS', 'AVLLPKKTESHHKAK', 'AVLLPKKTESHHKAK']"
CAMK2A,"['TPLRRAESLDPRPLR', 'PRPERQESADRAEEL']"
CAMK2D,"['LPLTQRLSIDNSKKG', 'KAFSTQMSINEGQRL', 'LPLTQRLSIDNSKKG', 'KAFSTQMSINEGQRL', 'LPLTQRLSIDNSKKG', 'KAFSTQMSINEGQRL', 'LPLTQRLSIDNSKKG', 'KAFSTQMSINEGQRL', 'LPLTQRLSIDNSKKG', 'KAFSTQMSINEGQRL']"
CAMK2G,['DYTTGGESCDELEED']
CAMKK1,"['SDGEFLRTSCGSPNY', 'GKGDVMSTACGTPGY']"
CAMKK2,['GQEVPLDTSGSQARP']
CDC7,"['SKSSGKLSEPSLPIE', 'SKSSGKLSEPSLPIE', 'SKSSGKLSEPSLPIE', 'SKSSGKLSEPSLPIE', 'SKSSGKLSEPSLPIE', 'SKSSGKLSEPSLPIE', 'SKSSGKLSEPSLPIE', 'SKSSGKLSEPSLPIE', 'SKSSGKLSEPSLPIE', 'DDEDFVPSDASPPKT', 'EKKLLFISEPIPHPS', 'EKKLLFISEPIPHPS', 'EKKLLFISEPIPHPS', 'MVKQPCPSESDIITE', 'IQEVLSSSESDSCNS']"
CDK1,"['QALPKPASPKKPPPG', 'QALPKPASPKKPPPG', 'QPGIHPKTPNKFKKY', 'FKDDYPSSPPKCKFE', 'QSAPPLESPQRLLSS', 'QSAPPLESPQRLLSS', 'QSAPPLESPQRLLSS', 'PNKELPPSPEKKTKP', 'PNKELPPSPEKKTKP', 'PNKELPPSPEKKTKP', 'PNKELPPSPEKKTKP', 'PNKELPPSPEKKTKP', 'TQGHPDGTPPKLDTA', 'SVPEFPLSPPKKKDL', 'SVPEFPLSPPKKKDL', 'EEEDEALSPAKGQKP', 'EDGDQPTTPPKPLKT', 'DNIPEMPSPKKMHQG', 'DNIPEMPSPKKMHQG', 'IGEETDSSPGRKKFP', 'HLFGFPPTPPKEVSP', 'NIKSEPVSPPRDRTT']"
CDK2,"['QNHPVYISPHKNETM', 'SMIRTGETPTKKRGI', 'QNHPVYISPHKNETM', 'SMIRTGETPTKKRGI', 'QNHPVYISPHKNETM', 'SMIRTGETPTKKRGI', 'QNHPVYISPHKNETM', 'SMIRTGETPTKKRGI', 'QNHPVYISPHKNETM', 'SMIRTGETPTKKRGI', 'QNHPVYISPHKNETM', 'SMIRTGETPTKKRGI', 'QNHPVYISPHKNETM', 'SMIRTGETPTKKRGI', 'QNHPVYISPHKNETM', 'SMIRTGETPTKKRGI', 'QNHPVYISPHKNETM', 'SMIRTGETPTKKRGI', 'QNHPVYISPHKNETM', 'SMIRTGETPTKKRGI', 'QNHPVYISPHKNETM', 'SMIRTGETPTKKRGI', 'QNHPVYISPHKNETM', 'SMIRTGETPTKKRGI', 'QNHPVYISPHKNETM', 'SMIRTGETPTKKRGI', 'GGSDKLASPMKPVPG', 'GGSDKLASPMKPVPG', 'ELLLGRTSPSKNYNM', 'SAKKVVVSPTKKVAV', 'TPAKAVTTPGKKGAT', 'PGKALVATPGKKGAA', 'TKKVAVATPAKKAAV', 'SAKKVVVSPTKKVAV', 'TPAKAVTTPGKKGAT', 'PGKALVATPGKKGAA', 'TKKVAVATPAKKAAV', 'NVLCLSKSPNKHNRL', 'NVLCLSKSPNKHNRL', 'MYLSPVRSPKKKGST', 'PIPHIPRSPYKFPSS', 'PGGNIYISPLKSPYK', 'KISEGLPTPTKMTPR', 'MYLSPVRSPKKKGST', 'PIPHIPRSPYKFPSS', 'PGGNIYISPLKSPYK', 'KISEGLPTPTKMTPR', 'MYLSPVRSPKKKGST', 'PIPHIPRSPYKFPSS', 'PGGNIYISPLKSPYK', 'KISEGLPTPTKMTPR', 'MYLSPVRSPKKKGST', 'PIPHIPRSPYKFPSS', 'PGGNIYISPLKSPYK', 'KISEGLPTPTKMTPR', 'MYLSPVRSPKKKGST', 'PIPHIPRSPYKFPSS', 'PGGNIYISPLKSPYK', 'KISEGLPTPTKMTPR', 'MYLSPVRSPKKKGST', 'PIPHIPRSPYKFPSS', 'PGGNIYISPLKSPYK', 'KISEGLPTPTKMTPR', 'MYLSPVRSPKKKGST', 'PIPHIPRSPYKFPSS', 'PGGNIYISPLKSPYK', 'KISEGLPTPTKMTPR', 'MYLSPVRSPKKKGST', 'PIPHIPRSPYKFPSS', 'PGGNIYISPLKSPYK', 'KISEGLPTPTKMTPR', 'MYLSPVRSPKKKGST', 'PIPHIPRSPYKFPSS', 'PGGNIYISPLKSPYK', 'KISEGLPTPTKMTPR', 'MYLSPVRSPKKKGST', 'PIPHIPRSPYKFPSS', 'PGGNIYISPLKSPYK', 'KISEGLPTPTKMTPR', 'MYLSPVRSPKKKGST', 'PIPHIPRSPYKFPSS', 'PGGNIYISPLKSPYK', 'KISEGLPTPTKMTPR', 'MYLSPVRSPKKKGST', 'PIPHIPRSPYKFPSS', 'PGGNIYISPLKSPYK', 'KISEGLPTPTKMTPR', 'PLDCGSASPNKVASS', 'PLDCGSASPNKVASS', 'PLDCGSASPNKVASS', 'KKATGAATPKKSAKK', 'KKATGAATPKKSAKK', 'SVIKFVTTPSKKPPV', 'SVIKFVTTPSKKPPV', 'DNQLTIKSPSKRELA', 'DNQLTIKSPSKRELA', 'DNQLTIKSPSKRELA', 'QAIVLCISPSKPNPV', 'QAIVLCISPSKPNPV', 'NRCKLFDSPSLCSSS', 'DLLLSYESPKKPGRE', 'LPTVLPGSPSKTRGQ', 'SSVLSSLTPAKVAPV', 'GTSSAASSPLKKEQP', 'SFSAAAASPQKYLRM', 'GTSSAASSPLKKEQP', 'SFSAAAASPQKYLRM', 'EKQEASESPVKAVQP', 'EKQEASESPVKAVQP', 'LPTIILSSPTKSPTK', 'ISRTTSATPLKDNTQ', 'LPTIILSSPTKSPTK', 'ISRTTSATPLKDNTQ', 'LPTIILSSPTKSPTK', 'ISRTTSATPLKDNTQ', 'LPTIILSSPTKSPTK', 'ISRTTSATPLKDNTQ', 'LPTIILSSPTKSPTK', 'ISRTTSATPLKDNTQ', 'DHGSGSLSPSKKSPV', 'QRIRIQESPGKVAAG', 'QRIRIQESPGKVAAG', 'QRIRIQESPGKVAAG', 'QRIRIQESPGKVAAG', 'QRIRIQESPGKVAAG', 'QRIRIQESPGKVAAG', 'QRIRIQESPGKVAAG', 'VATIPTDTPLKEENE', 'SGYKGSSTPTKGIEN', 'RKILGQSSPEKKIRI', 'LDNSSKCTPVKHLNV', 'RKILGQSSPEKKIRI', 'LDNSSKCTPVKHLNV', 'RKILGQSSPEKKIRI', 'LDNSSKCTPVKHLNV', 'RKILGQSSPEKKIRI', 'LDNSSKCTPVKHLNV', 'RKILGQSSPEKKIRI', 'LDNSSKCTPVKHLNV', 'GVVSESDSPVKRPGR', 'GVVSESDSPVKRPGR', 'GVVSESDSPVKRPGR', 'GVVSESDSPVKRPGR', 'FVSHSHISPIKPTEA', 'FVSHSHISPIKPTEA', 'APSVSHVSPRKNPSV', 'PAPSAKSSPSKHQPP', 'RRISHEGSPVKPVAI', 'VKQKASQSPQKQHPL', 'SEHLEPITPTKNNKV', 'SEHLEPITPTKNNKV', 'SEHLEPITPTKNNKV', 'ASQHSMQSPQKTTLI', 'ASQHSMQSPQKTTLI', 'ASQHSMQSPQKTTLI', 'ASQHSMQSPQKTTLI', 'TEDTAEYSPFKGGYT', 'LLYKFNGSPSKSLKD', 'QQHSIYISPHKNGSG', 'LLYKFNGSPSKSLKD', 'QQHSIYISPHKNGSG', 'LLYKFNGSPSKSLKD', 'QQHSIYISPHKNGSG', 'EPSLHLDTPSKFLSK', 'ILDLISESPIKGRAQ', 'ILDLISESPIKGRAQ', 'PASSPVSSPSKHGDR', 'DRRLQPSTPEKKGLF', 'PASSPVSSPSKHGDR', 'DRRLQPSTPEKKGLF', 'PASSPVSSPSKHGDR', 'DRRLQPSTPEKKGLF', 'PASSPVSSPSKHGDR', 'DRRLQPSTPEKKGLF', 'MAFSILNTPKKLGNS', 'DPQQLQLSPLKGLSL', 'DPQQLQLSPLKGLSL', 'AVKPLTESPFKVHLE', 'LNNSSVSSPQQNPWS', 'EAMNYEGSPIKVTLA', 'VKKSIRDTPAKNAQK', 'EAMNYEGSPIKVTLA', 'VKKSIRDTPAKNAQK', 'EAMNYEGSPIKVTLA', 'VKKSIRDTPAKNAQK', 'QSVDKVTSPTKV___', 'QSVDKVTSPTKV___', 'TTTGQVTSPVKGASF', 'EKLATKSSPVKVGEK', 'LSSKAAGTPKKKAVV', 'TTTGQVTSPVKGASF', 'EKLATKSSPVKVGEK', 'LSSKAAGTPKKKAVV', 'TTTGQVTSPVKGASF', 'EKLATKSSPVKVGEK', 'LSSKAAGTPKKKAVV', 'SAPVGKETPSKRMKR', 'SAPVGKETPSKRMKR', 'ERAKLNITPTKKGRK', 'KSRNEVVTPEKVCKN', 'KSRNEVVTPEKVCKN', 'KSRNEVVTPEKVCKN', 'KSRNEVVTPEKVCKN', 'EVYELLDSPGKVLLQ', 'GGSTPVLTPGKTPIG', 'GGSTPVLTPGKTPIG', 'GGSTPVLTPGKTPIG', 'GGSTPVLTPGKTPIG', 'GGSTPVLTPGKTPIG', 'GGSTPVLTPGKTPIG', 'GGSTPVLTPGKTPIG', 'KENKSKFSPQKEASP', 'LLQFALESPAKSPAS', 'QDYARFESPPKTQPT', 'TFNIKLSSPVKRPRK', 'EPGVERSSPSKCPSL', 'EPGVERSSPSKCPSL', 'LKATVTPSPVKGKGK', 'RQLHEFSSPSHLLRT', 'QPLAEHFSPFRVQHM', 'NFELVDSSPCKKIIQ', 'PDCQEKTSPKGVENP', 'SFTDKQQTPEKLPIP', 'NAGSVEQTPKKPGLR', 'AHGTSSYTPDKSSFN', 'AHGTSSYTPDKSSFN', 'LSPSVLTTPSKIEPM', 'PTFSIKTSPAKARSP', 'HNTSDKQTPSKPKKK', 'TVTSSQSTPAKAPRA', 'KKSIMVQSPEKAYSS', 'KKSIMVQSPEKAYSS', 'DIGVVEESPEKGDEI', 'TPERLQKSPAKMTPT', 'TPKKLFTSPLCDVSK', 'EVPAAYQTPKKSHQK', 'SPLDSKITPQKRHTQ', 'DIGVVEESPEKGDEI', 'TPERLQKSPAKMTPT', 'TPKKLFTSPLCDVSK', 'EVPAAYQTPKKSHQK', 'SPLDSKITPQKRHTQ', 'DGNETLLSPEKSVQI', 'RRLSSSESPQRDPPP', 'RRLSSSESPQRDPPP', 'GICDYFPSPSKTSLP', 'SKTSLPLSPVKTAPL', 'WNPFPDFTPQKFKEK', 'SLSSVPISPYKDEPW', 'LTLPLYQSPVKELDK', 'IIKLLYVTPEKICAS', 'PIPIMPASPQKGHAV', 'EDDTVPLSPLKYMAQ', 'QIQSQTQSPQNVPEK', 'NIEITIKSPEKIEEV', 'HSSISHESPAVKLMK', 'PRKEVLASPDRLWGS', 'EFSSGAKSPSKSGAQ', 'IARSHSESPSRLPIN', 'NLQQAIVTPLKPVDN', 'RPMENRTSPSKSPFL', 'RIPNYQLSPTKLPSI', 'RYSEEGLSPSKRRRL', 'SIRTFKESPKQILDP', 'SIKAFKESPKQILDP', 'QYSQQQNSPQKHKNK', 'RDVESVQTPSKAVGA', 'NNCVCHFSPLKSDQD', 'PNPSTSASPKKSPPP', 'PNPSTSASPKKSPPP', 'EESWLYSSPKKKLTP', 'GNFNPFASPQKNRQS']"
CDK3,"['___MPPKTPRKTAAT', '___MPPKTPRKTAAT']"
CDK4,"['PINGSPRTPRRGQNR', 'PINGSPRTPRRGQNR', 'PINGSPRTPRRGQNR', 'PINGSPRTPRRGQNR', 'PINGSPRTPRRGQNR', 'PINGSPRTPRRGQNR', 'PINGSPRTPRRGQNR', 'PINGSPRTPRRGQNR', 'PINGSPRTPRRGQNR', 'PINGSPRTPRRGQNR', 'PINGSPRTPRRGQNR', 'PINGSPRTPRRGQNR', 'RMRVTPSTPSPRGSL']"
CDK5,"['SSEGFYPSPQHMVQT', 'NTSPSVASPEHSVES', 'NTSPSVASPEHSVES', 'NTSPSVASPEHSVES', 'ARKNAQPSPARAPAE', 'IHKVILGSPAHRAGL']"
CDK6,"['SPYKFPSSPLRIPGG', 'PINGSPRTPRRGQNR', 'SPYKFPSSPLRIPGG', 'PINGSPRTPRRGQNR', 'SPYKFPSSPLRIPGG', 'PINGSPRTPRRGQNR', 'SPYKFPSSPLRIPGG', 'PINGSPRTPRRGQNR', 'SPYKFPSSPLRIPGG', 'PINGSPRTPRRGQNR', 'SPYKFPSSPLRIPGG', 'PINGSPRTPRRGQNR', 'SPYKFPSSPLRIPGG', 'PINGSPRTPRRGQNR', 'SPYKFPSSPLRIPGG', 'PINGSPRTPRRGQNR', 'QPSSAPPTPTRLTGA', 'QPSSAPPTPTRLTGA', 'QPSSAPPTPTRLTGA', 'ADQATPTSPIRVKVE', 'ADQATPTSPIRVKVE']"
CDK7,"['TPAYGAWSPSVGSGM', 'TPQSPSYSPTSPSYS', 'SPSYSPTSPSYSPTS', 'SPKYTPTSPSYSPSS', 'TPTSPSYSPSSPEYT', 'TPTSPKYSPTSPKYS', 'SPTSPKYSPTSPKYS', 'SPTSPKYSPTSPTYS', 'SPKYSPTSPTYSPTT', 'SPTSPTYSPTTPKYS', 'SPTTPKYSPTSPTYS', 'TPKYSPTSPTYSPTS', 'SPTSPTYSPTSPVYT', 'SPTYSPTSPVYTPTS', 'TPTSPKYSPTSPTYS', 'SPKYSPTSPTYSPTS', 'SPTSPTYSPTSPKYS', 'SPTSPKYSPTSPTYS', 'GSTYSPTSPGYSPTS', 'TPAYGAWSPSVGSGM', 'TPQSPSYSPTSPSYS', 'SPSYSPTSPSYSPTS', 'SPKYTPTSPSYSPSS', 'TPTSPSYSPSSPEYT', 'TPTSPKYSPTSPKYS', 'SPTSPKYSPTSPKYS', 'SPTSPKYSPTSPTYS', 'SPKYSPTSPTYSPTT', 'SPTSPTYSPTTPKYS', 'SPTTPKYSPTSPTYS', 'TPKYSPTSPTYSPTS', 'SPTSPTYSPTSPVYT', 'SPTYSPTSPVYTPTS', 'TPTSPKYSPTSPTYS', 'SPKYSPTSPTYSPTS', 'SPTSPTYSPTSPKYS', 'SPTSPKYSPTSPTYS', 'GSTYSPTSPGYSPTS', 'TPAYGAWSPSVGSGM', 'TPQSPSYSPTSPSYS', 'SPSYSPTSPSYSPTS', 'SPKYTPTSPSYSPSS', 'TPTSPSYSPSSPEYT', 'TPTSPKYSPTSPKYS', 'SPTSPKYSPTSPKYS', 'SPTSPKYSPTSPTYS', 'SPKYSPTSPTYSPTT', 'SPTSPTYSPTTPKYS', 'SPTTPKYSPTSPTYS', 'TPKYSPTSPTYSPTS', 'SPTSPTYSPTSPVYT', 'SPTYSPTSPVYTPTS', 'TPTSPKYSPTSPTYS', 'SPKYSPTSPTYSPTS', 'SPTSPTYSPTSPKYS', 'SPTSPKYSPTSPTYS', 'GSTYSPTSPGYSPTS', 'TPAYGAWSPSVGSGM', 'TPQSPSYSPTSPSYS', 'SPSYSPTSPSYSPTS', 'SPKYTPTSPSYSPSS', 'TPTSPSYSPSSPEYT', 'TPTSPKYSPTSPKYS', 'SPTSPKYSPTSPKYS', 'SPTSPKYSPTSPTYS', 'SPKYSPTSPTYSPTT', 'SPTSPTYSPTTPKYS', 'SPTTPKYSPTSPTYS', 'TPKYSPTSPTYSPTS', 'SPTSPTYSPTSPVYT', 'SPTYSPTSPVYTPTS', 'TPTSPKYSPTSPTYS', 'SPKYSPTSPTYSPTS', 'SPTSPTYSPTSPKYS', 'SPTSPKYSPTSPTYS', 'GSTYSPTSPGYSPTS', 'IVSPPPSSPPSSLTT', 'LPPPPPVSPPALTPA', 'SMKSRSRSPAYSRHS']"
CDK9,"['PMSPRISSPMHPSAG', 'PMSPRISSPMHPSAG', 'PMSPRISSPMHPSAG', 'PMSPRISSPMHPSAG', 'PMSPRISSPMHPSAG', 'PMSPRISSPMHPSAG', 'PMSPRISSPMHPSAG', 'PMSPRISSPMHPSAG', 'PMSPRISSPMHPSAG', 'PMSPRISSPMHPSAG', 'NLSPNPMSPAHNNLD', 'NLSPNPMSPAHNNLD', 'NLSPNPMSPAHNNLD']"
CDKL5,"['GGGPRPPSPRDGYGS', 'STPSRPSSAKRASSS', 'RIAPRPASGPIRPIV', 'PVSRRPGSAATTKPI', 'NHLKRPVSGVGDAPG', 'DRASRPLSARSEPSE', 'QKRRRPKSAPSFRPK', 'SPVNRPSSATNKALS']"
CK1A,"['__MEEPQSDPSVEPP', '__MEEPQSDPSVEPP', '__MEEPQSDPSVEPP', 'WGREERQSVFPFESG', 'SSSSENTSTPSSNAK', 'SSSSENTSTPSSNAK', 'SSSSENTSTPSSNAK', 'SSSSENTSTPSSNAK', 'GPTAESASGPSEDPS', '__MEEGGSTGSAGSD', '__MEEGGSTGSAGSD', '__MEEGGSTGSAGSD', '__MEEGGSTGSAGSD', '__MEEGGSTGSAGSD', 'ASSCESLSHIYDDVD', 'ASSCESLSHIYDDVD', 'ASSCESLSHIYDDVD', 'ASSCESLSHIYDDVD', 'ASSCESLSHIYDDVD', 'DKSEEEQSSSSVKKD', 'DKSEEEQSSSSVKKD', 'DKSEEEQSSSSVKKD', 'DPPAENSSAPEAEQG']"
CK1D,"['MEEDELPSWIIKDDA', 'MEEDELPSWIIKDDA', 'TFIKEAPSPTLRRKL', 'TFIKEAPSPTLRRKL', 'TFIKEAPSPTLRRKL', 'TFIKEAPSPTLRRKL', 'IGSGEFGSVFKCVKR']"
CK1E,"['SPPSPAPSSFSSTSV', 'SPPSPAPSSFSSTSV', 'DDLVGPPSNLEGQSD', 'DSGVIPGSHSENALH', 'GEGGKAQSSLGYIPL', 'GLPVDASSVSNNYIQ']"
CK1G1,"['ESTPDGFSCSSSLSA', 'ESTPDGFSCSSSLSA', 'ESTPDGFSCSSSLSA', 'ESTPDGFSCSSSLSA', 'AVFTDLASVDNSEFQ']"
CK2A1,"['RYSDTTDSDPENEPF', 'RYSDTTDSDPENEPF', 'RYSDTTDSDPENEPF', 'RYSDTTDSDPENEPF', 'RYSDTTDSDPENEPF', 'DPEKFADSDQDRDPH', 'DPEKFADSDQDRDPH', 'DDTESKTSDVNETQP', 'DDTESKTSDVNETQP', 'DDTESKTSDVNETQP', 'DDTESKTSDVNETQP', 'GEYRSLESDNEEKAF', 'GEYRSLESDNEEKAF', 'GGKRKADSDSEDKGE', 'PASCPLDSDLSEDED', 'PASCPLDSDLSEDED', 'PASCPLDSDLSEDED', 'LSERTNSSDSERSPD', 'AEQMANDSDDSISAA', 'AEQMANDSDDSISAA', 'AEQMANDSDDSISAA', 'AEQMANDSDDSISAA', 'AEQMANDSDDSISAA', 'PGLQAADSDDEDLDD', 'IGDLVLDSDEEENGQ', 'QPFGFIDSDTDAEEE', 'AFNLNSDTDVEEGQQ', 'FGFIDSDTDAEEERI', 'ESQAGSDTDVEEGKA', 'SMVINSDTDDEEEVS', 'QPFGFIDSDTDAEEE', 'AFNLNSDTDVEEGQQ', 'FGFIDSDTDAEEERI', 'ESQAGSDTDVEEGKA', 'SMVINSDTDDEEEVS', 'QPFGFIDSDTDAEEE', 'AFNLNSDTDVEEGQQ', 'FGFIDSDTDAEEERI', 'ESQAGSDTDVEEGKA', 'SMVINSDTDDEEEVS', 'QPFGFIDSDTDAEEE', 'AFNLNSDTDVEEGQQ', 'FGFIDSDTDAEEERI', 'ESQAGSDTDVEEGKA', 'SMVINSDTDDEEEVS', 'QPFGFIDSDTDAEEE', 'AFNLNSDTDVEEGQQ', 'FGFIDSDTDAEEERI', 'ESQAGSDTDVEEGKA', 'SMVINSDTDDEEEVS', 'QPFGFIDSDTDAEEE', 'AFNLNSDTDVEEGQQ', 'FGFIDSDTDAEEERI', 'ESQAGSDTDVEEGKA', 'SMVINSDTDDEEEVS', 'QPFGFIDSDTDAEEE', 'AFNLNSDTDVEEGQQ', 'FGFIDSDTDAEEERI', 'ESQAGSDTDVEEGKA', 'SMVINSDTDDEEEVS', 'QPFGFIDSDTDAEEE', 'AFNLNSDTDVEEGQQ', 'FGFIDSDTDAEEERI', 'ESQAGSDTDVEEGKA', 'SMVINSDTDDEEEVS', 'QPFGFIDSDTDAEEE', 'AFNLNSDTDVEEGQQ', 'FGFIDSDTDAEEERI', 'ESQAGSDTDVEEGKA', 'SMVINSDTDDEEEVS', 'QPFGFIDSDTDAEEE', 'AFNLNSDTDVEEGQQ', 'FGFIDSDTDAEEERI', 'ESQAGSDTDVEEGKA', 'SMVINSDTDDEEEVS', 'QPFGFIDSDTDAEEE', 'AFNLNSDTDVEEGQQ', 'FGFIDSDTDAEEERI', 'ESQAGSDTDVEEGKA', 'SMVINSDTDDEEEVS', 'QPFGFIDSDTDAEEE', 'AFNLNSDTDVEEGQQ', 'FGFIDSDTDAEEERI', 'ESQAGSDTDVEEGKA', 'SMVINSDTDDEEEVS', 'APDAGAQSDSELPSY', 'SLDRGYTSDSEVYTD', 'EHGKSGCSDLEEAVD', 'APDAGAQSDSELPSY', 'SLDRGYTSDSEVYTD', 'EHGKSGCSDLEEAVD', 'SSSEDEDSDHEDKDR', 'SSSEDEDSDHEDKDR', 'SSSEDEDSDHEDKDR', 'SSSEDEDSDHEDKDR', 'RSDIESSSDEEDSEP', 'RSDIESSSDEEDSEP', 'RSDIESSSDEEDSEP', 'RSDIESSSDEEDSEP', 'KDGNGYISAAELRHV', 'TNLGEKLTDEEVDEM', 'KDGNGYISAAELRHV', 'TNLGEKLTDEEVDEM', 'KDGNGYISAAELRHV', 'TNLGEKLTDEEVDEM', 'KDGNGYISAAELRHV', 'TNLGEKLTDEEVDEM', '_MLTFMASDSEEEVC', '_MLTFMASDSEEEVC', '_MLTFMASDSEEEVC', 'RPEVVLDSDAEDLED', 'RPEVVLDSDAEDLED', 'EFDTNYATDDDIVFE', 'DLTIDSSSDEEEEEP', 'DLTIDSSSDEEEEEP', 'DLTIDSSSDEEEEEP', 'KFTMDLDSDEDFSDF', 'KPQKSVVSDLEADDV', 'KFTMDLDSDEDFSDF', 'KPQKSVVSDLEADDV', 'KFTMDLDSDEDFSDF', 'KPQKSVVSDLEADDV', 'PRHSIYSSDEDDEDF', 'PRHSIYSSDEDDEDF', 'TMEVLGMTDSEEDLD', 'TMEVLGMTDSEEDLD', 'GSDSDLDSDDEFVPY', 'GSDSDLDSDDEFVPY', 'GSDSDLDSDDEFVPY', 'GDVDVSDSDDEDDNL', 'GDVDVSDSDDEDDNL', 'KKLKLISSDSED___', 'PKIEDVGSDEEDDSG', 'PKIEDVGSDEEDDSG', 'RRGLLYDSDEEDEER', 'RRGLLYDSDEEDEER', 'RRGLLYDSDEEDEER', 'RRGLLYDSDEEDEER', 'RRGLLYDSDEEDEER', 'RRGLLYDSDEEDEER', 'RRGLLYDSDEEDEER', 'KKLSVPTSDEEDEVP', 'KKLSVPTSDEEDEVP', 'PEIEDVGSDEEEEKK', 'PEIEDVGSDEEEEKK', 'PEIEDVGSDEEEEKK', 'ESQGVGLSDKELVSD', 'ESGISLFSDDPESDP', 'PEYPGVLSDVQEEKG', 'PEYPGVLSDVQEEKG', 'GFSVQSISDFEKFTK', 'GFSVQSISDFEKFTK', 'GFSVQSISDFEKFTK', 'GFSVQSISDFEKFTK', 'DDIDLFGSDNEEEDK', 'DDIDLFGSDNEEEDK', 'ETPPTTSSDSEEEQE', 'ETPPTTSSDSEEEQE', 'ETPPTTSSDSEEEQE', 'ETPPTTSSDSEEEQE', 'ETPPTTSSDSEEEQE', 'EDAFIVISDSDGEEP', 'AFIVISDSDGEEPKE', 'EDAFIVISDSDGEEP', 'AFIVISDSDGEEPKE', 'DAGGGLSSDEEEGTS', 'DAGGGLSSDEEEGTS', 'QDAPIILSDSEEEEM', 'QDAPIILSDSEEEEM', 'CEGTEINSDDEQESK', 'CEGTEINSDDEQESK', 'PVALYPDSDLEKEEE', 'PVALYPDSDLEKEEE', 'VWDHIEVSDDEDETH', 'LDKIGLHSDSQEELW', 'LDKIGLHSDSQEELW', 'NDDIEVESDEEQPRF', 'VAELTSLSDEDSGKG', 'GEDTLSDSDDEDDEE', 'GEDTLSDSDDEDDEE', 'AKVLASLSDDEDEEE', 'KGDDDEESDEEAVKK', 'ADFDDRVSDEEKVRI', 'CKLGTGFSDEELEEH']"
CLK2,"['PGQEREGTPPIEERK', 'PGQEREGTPPIEERK', 'PGQEREGTPPIEERK', 'PGQEREGTPPIEERK', 'PGQEREGTPPIEERK', 'PGQEREGTPPIEERK', 'PGQEREGTPPIEERK']"
DAPK1,['KTIERRYSDLTTLVA']
DAPK3,"['RQRKRHKSDSISLSF', 'RQRKRHKSDSISLSF', 'QGRKRRQTSMTDFYH']"
DMPK1,['DNKLRRYTTFSKRKT']
DNAPK,"['TQPGQGYSQQSSQPY', 'QQSYSGYSQSTDTSG', 'TQPGQGYSQQSSQPY', 'QQSYSGYSQSTDTSG', 'TQPGQGYSQQSSQPY', 'QQSYSGYSQSTDTSG', 'TQPGQGYSQQSSQPY', 'QQSYSGYSQSTDTSG', 'TQPGQGYSQQSSQPY', 'QQSYSGYSQSTDTSG', 'TQPGQGYSQQSSQPY', 'QQSYSGYSQSTDTSG', 'TQPGQGYSQQSSQPY', 'QQSYSGYSQSTDTSG', 'TQPGQGYSQQSSQPY', 'QQSYSGYSQSTDTSG', 'TQPGQGYSQQSSQPY', 'QQSYSGYSQSTDTSG', 'TQPGQGYSQQSSQPY', 'QQSYSGYSQSTDTSG', 'TQPGQGYSQQSSQPY', 'QQSYSGYSQSTDTSG', 'TQPGQGYSQQSSQPY', 'QQSYSGYSQSTDTSG', 'TQPGQGYSQQSSQPY', 'QQSYSGYSQSTDTSG', 'TQPGQGYSQQSSQPY', 'QQSYSGYSQSTDTSG', 'KDDSIISSLDVTDIA', 'KDDSIISSLDVTDIA', 'KDDSIISSLDVTDIA', 'KDDSIISSLDVTDIA', 'KDDSIISSLDVTDIA', 'NVLSPLPSQAMDDLM', 'NVLSPLPSQAMDDLM', 'NVLSPLPSQAMDDLM', 'NVLSPLPSQAMDDLM', 'NVLSPLPSQAMDDLM', 'NVLSPLPSQAMDDLM', 'ESKIQPGSQQADFLD', 'ESKIQPGSQQADFLD', 'ESKIQPGSQQADFLD', 'AMEPGNGSLDLGGDS', 'AMEPGNGSLDLGGDS', 'IKIGRTHTQDAVPLT', 'EETRTPESQPDTPPG', 'EETRTPESQPDTPPG', 'VYLPLHSSQDRLLPM', 'VYLPLHSSQDRLLPM', 'VYLPLHSSQDRLLPM', 'ALKHVKETQPPETVQ', 'ALKHVKETQPPETVQ', 'ASLQGIDSQCVNQPE', 'DLYMAVTTQEVQVGQ', 'ASLQGIDSQCVNQPE', 'DLYMAVTTQEVQVGQ', 'ASLQGIDSQCVNQPE', 'DLYMAVTTQEVQVGQ', 'ASLQGIDSQCVNQPE', 'DLYMAVTTQEVQVGQ', 'ASLQGIDSQCVNQPE', 'DLYMAVTTQEVQVGQ', 'ASLQGIDSQCVNQPE', 'DLYMAVTTQEVQVGQ', 'ASLQGIDSQCVNQPE', 'DLYMAVTTQEVQVGQ', 'AFATQSGSQDLKALN', 'VQSYSYSSQDPRPAT', 'QGTLQTRTQEGSLSA', 'VQSYSYSSQDPRPAT', 'QGTLQTRTQEGSLSA', 'VQSYSYSSQDPRPAT', 'QGTLQTRTQEGSLSA', 'VQSYSYSSQDPRPAT', 'QGTLQTRTQEGSLSA', 'VQSYSYSSQDPRPAT', 'QGTLQTRTQEGSLSA', 'VQSYSYSSQDPRPAT', 'QGTLQTRTQEGSLSA', 'VQSYSYSSQDPRPAT', 'QGTLQTRTQEGSLSA', 'CKVPAQESQDVSGSR', 'KQKFFAGSQEPMATF']"
DYRK1A,"['FRNQRITSPVHVSFY', 'FRNQRITSPVHVSFY', 'FRNQRITSPVHVSFY', 'FRNQRITSPVHVSFY']"
DYRK1B,['GGRRPGTSPALLQGT']
ERK1,"['ESEILPSTPNPQPPS', 'ESEILPSTPNPQPPS', 'ESEILPSTPNPQPPS', 'EPVPPPPTPRSQYLS', 'EPVPPPPTPRSQYLS', 'TATPAPTSPFPSATA', 'TATPAPTSPFPSATA', 'GPSAVPSSPKSVATE', 'GPSAVPSSPKSVATE', 'GPSAVPSSPKSVATE', 'PEADLPRSPGNLTER', 'SVDGSPVSPSTNRTH']"
ERK2,"['SVLDILKSPGFASPK', 'SVLDILKSPGFASPK', 'SVLDILKSPGFASPK', 'SVLDILKSPGFASPK', 'SVLDILKSPGFASPK', 'SVLDILKSPGFASPK', 'SVLDILKSPGFASPK', 'SVLDILKSPGFASPK', 'SVLDILKSPGFASPK', 'SVLDILKSPGFASPK', 'KSPSVPKSPTPKSPP', 'NSHPFPHSPNSSYPN', 'SSSTYPHSPTSSDPG', 'NSHPFPHSPNSSYPN', 'SSSTYPHSPTSSDPG', 'NSHPFPHSPNSSYPN', 'SSSTYPHSPTSSDPG', 'NSHPFPHSPNSSYPN', 'SSSTYPHSPTSSDPG', 'MSLENPLSPFSSDIN', 'RRRQPPVSPLTLSPG', 'TVLSNNLSPFAMDKK', 'TVLSNNLSPFAMDKK', 'TVLSNNLSPFAMDKK', 'TVLSNNLSPFAMDKK', 'TVLSNNLSPFAMDKK', 'TVLSNNLSPFAMDKK', 'TVLSNNLSPFAMDKK', 'TVLSNNLSPFAMDKK', 'TCENSPKSPKVTGTA', 'TCENSPKSPKVTGTA', 'TCENSPKSPKVTGTA', 'TCENSPKSPKVTGTA', 'PCSSVPSSPSFCAPS', 'PCSSVPSSPSFCAPS', 'PSHCSVKSPVSSPNN', 'PSHCSVKSPVSSPNN', 'PSHCSVKSPVSSPNN', 'PSHCSVKSPVSSPNN', 'PSHCSVKSPVSSPNN', 'PSHCSVKSPVSSPNN', 'KQRRSIISPNFSFMG', 'KQRRSIISPNFSFMG', 'TSHNSLTTPCYTPYY', 'QSTKVPQTPLHTSRV', 'TSHNSLTTPCYTPYY', 'QSTKVPQTPLHTSRV', 'TSHNSLTTPCYTPYY', 'QSTKVPQTPLHTSRV', 'TSHNSLTTPCYTPYY', 'QSTKVPQTPLHTSRV', 'TSHNSLTTPCYTPYY', 'QSTKVPQTPLHTSRV', 'PGPFATRSPLFIFMR', 'QDDDAPLSPMLYSSS', 'QDDDAPLSPMLYSSS', 'QDDDAPLSPMLYSSS', 'QDDDAPLSPMLYSSS', 'VLPTQPHTPKSLQQP', 'IGLNQPSTPTHAAGV', 'IGLNQPSTPTHAAGV', 'IGLNQPSTPTHAAGV', 'SYTPTPRSPRFIGRR', 'SYTPTPRSPRFIGRR', 'KQAEAIMSPRFIGRR', 'TQSKPVSSPFPTKPL', 'TQSKPVSSPFPTKPL', 'GHSKPPHSPLVLKRC', 'GHSKPPHSPLVLKRC', 'LNTSYPLSPLSDFAT', 'VCHSNIYSPKETIPE', 'RSSSESHSPLYMHPP', 'VCHSNIYSPKETIPE', 'RSSSESHSPLYMHPP', 'AGSPFQSSPLSLGSR', 'AGSPFQSSPLSLGSR', 'ELQAPVRSPITRSFA', 'VGQDQTLSPGSKQES', 'KERISPRTPASKIAS', 'PDNQPLKTPCFTLHY', 'PDNQPLKTPCFTLHY', 'HRLESPTTPLLDDMD', 'TEKSHPRSPNVLSVA', 'TEKSHPRSPNVLSVA', 'KVYFLPITPHYVTQV', 'RDLELPLSPSLLGGP', 'EEEEEIHSPTLLPEA']"
ERK5,"['PSSDSLSSPTLLAL_', 'TELEPLCTPVVTCTP', 'PSSDSLSSPTLLAL_', 'TELEPLCTPVVTCTP']"
FAM20C,"['KCDSSPDSAEDVRKV', 'KVGDEGVSGEEVFAE', 'KEEVEAVSGEHHHHV', 'SHLRKDDSEEEKEKE', 'APLSPDHSEEEEEEE']"
GAK,"['QYVEDPITGRQSVLV', 'QYVEDPITGRQSVLV']"
GRK2,"['SEEEEEESDSSETEK', 'SEEEEEESDSSETEK', 'SEEEEEESDSSETEK', 'SEEEEEESDSSETEK', 'SEEEEEESDSSETEK']"
GSK3A,"['NYESCPPSPYTERSY', 'NYESCPPSPYTERSY', 'NYESCPPSPYTERSY', 'DFSQPDTSPDTNGGG', 'DFSQPDTSPDTNGGG', 'DFSQPDTSPDTNGGG', 'MVLTDPHTPYEEEQR']"
GSK3B,"['PQEKLRESPGSEQTP', 'PQEKLRESPGSEQTP', 'PQEKLRESPGSEQTP', 'PQEKLRESPGSEQTP', 'PQEKLRESPGSEQTP', 'PQEKLRESPGSEQTP', 'PQEKLRESPGSEQTP', 'PQEKLRESPGSEQTP', 'PQEKLRESPGSEQTP', 'PQEKLRESPGSEQTP', 'VGLLKLASPELERLI', 'VGLLKLASPELERLI', 'RPPSPSASPASEKSM', 'RPPSPSASPASEKSM', 'MSPLPHDSPLIEKPG', 'PLSRAQSSPASATFP', 'PLSRAQSSPASATFP', 'PSPVKMPSPPWESNL', 'PSPVKMPSPPWESNL', 'PAADAIMSPEEELDG', 'IGGSAGASPPSTLTP', 'PAADAIMSPEEELDG', 'IGGSAGASPPSTLTP', 'PAADAIMSPEEELDG', 'IGGSAGASPPSTLTP', 'DPCSLIPTPDKEDDD', 'DPCSLIPTPDKEDDD', 'DPCSLIPTPDKEDDD', 'LEFTSSGSANTETTK', 'LEFTSSGSANTETTK', 'SASSTLGSPENEEHI', 'SASSTLGSPENEEHI', 'SASSTLGSPENEEHI', 'SASSTLGSPENEEHI', 'SASSTLGSPENEEHI', 'AILNPPPSPATERSH', 'ALPSQRRSPPEEPPD', 'ALPSQRRSPPEEPPD', 'ALPSQRRSPPEEPPD', 'ALPSQRRSPPEEPPD', 'KCTSPRSSDTEENVK', 'KCTSPRSSDTEENVK', 'SPQPASGSSPSEEDR', 'LKTPASKSPSEGQTA', 'RKLPPNLSPTIEYND', 'LKTPASKSPSEGQTA', 'RKLPPNLSPTIEYND', 'APASPVQSPAKEAET', 'KSPLVSPSKSLEEGT', 'APASPVQSPAKEAET', 'KSPLVSPSKSLEEGT', 'DSAYGSQSVEQEAEK', 'DSAYGSQSVEQEAEK', 'DSAYGSQSVEQEAEK', 'EGAKIDASKNEEDEG', 'ICTIGPASRSVETLK', 'PGVPAQQSPSM____', 'NPFSNGGSPAAEAVS', 'NPFSNGGSPAAEAVS', 'APGLGVLSPSGEERK', 'GHVTRISSPQVEEGD', 'STNRSRNSPLLERAS']"
HPK1,['HVRRRRGTFKRSKLR']
HRI,"['MILLSELSRRRIRSI', 'MILLSELSRRRIRSI']"
IKKA,"['SGDEDFSSIADMDFS', 'CRPEALNSGVEYYWD']"
IKKB,"['GLPNGLLSGDEDFSS', 'SGDEDFSSIADMDFS', 'GLPNGLLSGDEDFSS', 'SGDEDFSSIADMDFS', 'GLPNGLLSGDEDFSS', 'SGDEDFSSIADMDFS', 'GLPNGLLSGDEDFSS', 'SGDEDFSSIADMDFS', 'GLPNGLLSGDEDFSS', 'SGDEDFSSIADMDFS', 'GLPNGLLSGDEDFSS', 'SGDEDFSSIADMDFS', 'GLPNGLLSGDEDFSS', 'SGDEDFSSIADMDFS', 'KAFESLKSFQQQQQQ', 'KAFESLKSFQQQQQQ', 'LLDDRHDSGLDSMKD', 'RHDSGLDSMKDEEYE', 'LLDDRHDSGLDSMKD', 'RHDSGLDSMKDEEYE']"
IKKE,"['ARVGGASSLENTVDL', 'ARVGGASSLENTVDL', 'ARVGGASSLENTVDL', 'ARVGGASSLENTVDL', 'SLDSSSLSLCLSSAN', 'SLDSSSLSLCLSSAN', 'SLDSSSLSLCLSSAN', 'SLDSSSLSLCLSSAN', 'TPPYADPSLQAPVRV', 'TPPYADPSLQAPVRV', 'GLDFNFDSLISTQNV']"
IRE1,['KLAVGRHSFSRRSGV']
JNK1,"['RDATPPVSPINMEDQ', 'RDATPPVSPINMEDQ', 'NLESHLMSPAEIPGQ', 'NLESHLMSPAEIPGQ', 'NLESHLMSPAEIPGQ', 'NLESHLMSPAEIPGQ', 'NLESHLMSPAEIPGQ', 'NLESHLMSPAEIPGQ', 'GLFNELASPFENEFK', 'GLFNELASPFENEFK', 'GLFNELASPFENEFK', 'PASPAPLSPLEVELD', 'HLASDPLTPEFIKPT', 'AVSFPAPSPVEESAL', 'PVEALPPSPLELSRV', 'GGQESQPSPLALLAA', 'GGQESQPSPLALLAA', 'FHYEIANSPEEAISL', 'FGESPPLSPIDMDTQ', 'PPDGLLASPDLGLLK', 'ALVKMLGSPVDSVLF', 'LFVQLLYSPIENIQR', 'ALVKMLGSPVDSVLF', 'LFVQLLYSPIENIQR', 'ALVKMLGSPVDSVLF', 'LFVQLLYSPIENIQR', 'GSCCTIMSPGEMEKH', 'GSCCTIMSPGEMEKH', 'GSCCTIMSPGEMEKH', 'GSCCTIMSPGEMEKH', 'GSCCTIMSPGEMEKH', 'GSCCTIMSPGEMEKH', 'VCPDVPRTPVGKFLG', 'PGETPPLSPIDMESQ', 'KNSDLLTSPDVGLLK', 'PGETPPLSPIDMESQ', 'KNSDLLTSPDVGLLK', 'PGETPPLSPIDMESQ', 'KNSDLLTSPDVGLLK', 'PGETPPLSPIDMESQ', 'KNSDLLTSPDVGLLK', 'SFEVILKSPSDLSPE', 'PSDLSPESPMLSSPP', 'PIPKALGTPVLTPPT', 'PIPKALGTPVLTPPT', 'PIPKALGTPVLTPPT', 'PIPKALGTPVLTPPT', 'IDENCLLSPLAGEDD', 'ARTSPLQTPAAPGAA', 'ARTSPLQTPAAPGAA', 'ARTSPLQTPAAPGAA', 'YSYQMALTPVVVTLW', 'LHPPEPKSPGEYVNI']"
JNK2,"['NMGLNPSSPNDPVTN', 'GEAAEPGSPTAAEGE']"
JNK3,['KGPTLAPSPHSLPPA']
KIS,"['PPNPEDRSPSPEPIY', 'PPNPEDRSPSPEPIY', 'EENVSDGSPNAGSVE']"
LATS1,"['TYHSRDESTDSGLSM', 'TYHSRDESTDSGLSM', 'TYHSRDESTDSGLSM', 'TYHSRDESTDSGLSM', 'TYHSRDESTDSGLSM', 'TYHSRDESTDSGLSM', 'VEEMKKPSTEGGEEH']"
LATS2,"['KSHSRQASTDAGTAG', 'KSHSRQASTDAGTAG', 'KSHSRQASTDAGTAG', 'KSHSRQASTDAGTAG', 'HAHLRQQSYDVTDEL', 'PYHSREQSTDSGLGL', 'GSHSRQSSTDSSGGH', 'AQHVRSHSSPASLQL', 'LRHRRSRSAGDRWVD', 'LRHRRSRSAGDRWVD', 'LRHRRSRSAGDRWVD', 'LRHRRSRSAGDRWVD', 'ISHSPNTSYDTALEA', 'SAHSKTGSRDCSTQT']"
LKB1,"['TTWTGSRTAPYTPNL', 'HQGKFLQTFCGSPLY', 'ALHQSTMTPTQPESF']"
LOK,"['AGRDKYKTLRQIRQG', 'QGRDKYKTLRQIRQG', 'LGRDKYKTLRQIRQG']"
LRRK2,"['STHPHFMTQRALYLA', 'STHPHFMTQRALYLA', 'STHPHFMTQRALYLA', 'STHPHFMTQRALYLA', 'STHPHFMTQRALYLA', 'STHPHFMTQRALYLA', 'STHPHFMTQRALYLA', 'STHPHFMTQRALYLA', 'STHPHFMTQRALYLA', 'STHPHFMTQRALYLA', 'STHPHFMTQRALYLA', 'STHPHFMTQRALYLA', 'STHPHFMTQRALYLA', 'STHPHFMTQRALYLA', 'STHPHFMTQRALYLA', 'STHPHFMTQRALYLA', 'STHPHFMTQRALYLA', 'STHPHFMTQRALYLA', 'STHPHFMTQRALYLA', 'STHPHFMTQRALYLA', 'STHPHFMTQRALYLA', 'STHPHFMTQRALYLA', 'STHPHFMTQRALYLA', 'STHPHFMTQRALYLA', 'STHPHFMTQRALYLA', 'STHPHFMTQRALYLA', 'STHPHFMTQRALYLA', 'STHPHFMTQRALYLA', 'STHPHFMTQRALYLA', 'STHPHFMTQRALYLA', 'STHPHFMTQRALYLA', 'STHPHFMTQRALYLA', 'STHPHFMTQRALYLA', 'STHPHFMTQRALYLA', 'STHPHFMTQRALYLA', 'STHPHFMTQRALYLA', 'STHPHFMTQRALYLA', 'STHPHFMTQRALYLA', 'STHPHFMTQRALYLA', 'STHPHFMTQRALYLA', 'STHPHFMTQRALYLA', 'STHPHFMTQRALYLA', 'STHPHFMTQRALYLA', 'STHPHFMTQRALYLA', 'STHPHFMTQRALYLA', 'STHPHFMTQRALYLA', 'STHPHFMTQRALYLA', 'STHPHFMTQRALYLA', 'STHPHFMTQRALYLA', 'NIGLGFKTPKEAIEG', 'NIGLGFKTPKEAIEG', 'NIGLGFKTPKEAIEG']"
MAPKAPK2,"['SQDMRQISDGEREEL', 'SSRRRAISETEENSD', 'SSRRRAISETEENSD', 'VPSSRSNSATEQPGS', 'IPIERVVSSEGGRPS', 'GQRKRLISSVEDFTE']"
MARK1,['SEIISFKSMEDLVNE']
MARK2,"['SNKGRWESQQDVSQT', 'SNKGRWESQQDVSQT', 'QRLSSAHSMSDLSGS', 'AARWAAGSVTDLAFK']"
MASTL,"['KGQKYFDSGDYNMAK', 'KGQKYFDSGDYNMAK', 'KGQKYFDSGDYNMAK']"
MEK1,"['AHQSIHNSDQILLHD', 'AHQSIHNSDQILLHD', 'AHQSIHNSDQILLHD', 'DSVTKLLTDVQLMKG']"
MEK2,"['HDHTGFLTEYVATRW', 'HDHTGFLTEYVATRW']"
MST1,"['FHPVNFKTARPSNPQ', 'RDKPDLPTWKRNFRS', 'RDKPDLPTWKRNFRS']"
MST2,"['EEENVNDTLNGWYKN', 'EEENVNDTLNGWYKN', 'EEENVNDTLNGWYKN', 'EEENVNDTLNGWYKN', 'EEENVNDTLNGWYKN', 'EEENVNDTLNGWYKN', 'DEEEEDGTMKRNATS', 'DEEEEDGTMKRNATS']"
NEK11,['VVCTTQNTPTVKKSR']
NEK2,"['VTSQLYASLRLSRQA', 'VTSQLYASLRLSRQA', 'VTSQLYASLRLSRQA', 'VTSQLYASLRLSRQA', 'TLATLKMSVQPTVSL', 'TLATLKMSVQPTVSL', 'SDHTTRSSLRGPRER', 'SHHSLASSLRSHHTH', 'SDHTTRSSLRGPRER', 'SHHSLASSLRSHHTH', 'SDHTTRSSLRGPRER', 'SHHSLASSLRSHHTH', 'SDHTTRSSLRGPRER', 'SHHSLASSLRSHHTH']"
NEK6,"['EGGQLNESMDHGGVG', 'EGGQLNESMDHGGVG', 'EGGQLNESMDHGGVG']"
NLK,"['YLPNGSLSPTARTLH', 'YLPNGSLSPTARTLH']"
P38A,"['LSPVAPLSPARLQGA', 'LSPVAPLSPARLQGA', 'IKSITPETPTEIPCG', 'PLARDPGSPGPFDYV', 'PLARDPGSPGPFDYV', 'KSGIIPTSPTPYTYN']"
P38B,"['AGGTDPASPDTSSPG', 'AGGTDPASPDTSSPG', 'AGGTDPASPDTSSPG', 'AGGTDPASPDTSSPG']"
P38D,"['RPASVPPSPSLSRHS', 'RPASVPPSPSLSRHS', 'RPASVPPSPSLSRHS', 'VEVVSPATPVPSETA', 'VEVVSPATPVPSETA']"
PAK2,"['LFKIQRSSSTELLSH', 'LFKIQRSSSTELLSH', 'LFKIQRSSSTELLSH', 'TSTLNRFSALQQAVP']"
PBK,['KQTARKSTGGKAPRK']
PDK1,"['SKQARANSFVGTAQY', 'SKQARANSFVGTAQY', 'SKQARANSFVGTAQY', 'SKQARANSFVGTAQY', 'SKQARANSFVGTAQY', 'SKQARANSFVGTAQY', 'GPGDTTSTFCGTPNY', 'KDGATMKTFCGTPEY', 'TERPRPNTFIIRCLQ', 'KDGATMKTFCGTPEY', 'TERPRPNTFIIRCLQ', 'EHNSTTSTFCGTPEY', 'GYGDRTSTFCGTPEF', 'GYGDRTSTFCGTPEF', 'SDGATMKTFCGTPEY', 'LYKEATSTFTNITYR', 'FGESRASTFCGTPDY', 'GYGDRTSTFCGTPEF', 'LNGVTTTTFCGTPDY']"
PINK1,"['PSWHLADSPAVNGAT', 'GTESEMETPSAINGN']"
PKACA,"['KISEKKMSTPVEVLC', 'KISEKKMSTPVEVLC', 'SPRRRRRSRSRSRSR', 'SPRRRRRSRSRSRSR', 'SPRRRRRSRSRSRSR', 'SPRRRRRSRSRSRSR', 'YQRQRRGSLFCPMPV']"
PKCA,"['RQRKRKLSFRRRTDK', 'VLRSPSGSQRPSVSD', 'VLRSPSGSQRPSVSD', 'VLRSPSGSQRPSVSD', 'VLRSPSGSQRPSVSD', 'GAPPRRSSIRNAHSI', 'GAPPRRSSIRNAHSI', 'GAPPRRSSIRNAHSI', 'GAPPRRSSIRNAHSI', 'GAPPRRSSIRNAHSI', 'GAPPRRSSIRNAHSI', 'GAPPRRSSIRNAHSI', 'GAPPRRSSIRNAHSI', 'ALAPRSVSLKDKGRF', 'RQGGRTSSQRQRDPE']"
PKCB,['YRVARHYSRAKQTLP']
PKCD,"['GAPPRRSSIRNAHSI', 'GAPPRRSSIRNAHSI', 'GAPPRRSSIRNAHSI', 'GAPPRRSSIRNAHSI', 'GAPPRRSSIRNAHSI', 'GAPPRRSSIRNAHSI', 'GAPPRRSSIRNAHSI', 'GAPPRRSSIRNAHSI', 'GAPPRRSSIRNAHSI']"
PKCI,"['_MNKLRQSFRRKKDV', '_MNKLRQSFRRKKDV', '_MNKLRQSFRRKKDV', '_MNKLRQSFRRKKDV']"
PKCT,"['KKHRRRPSKKKRHWK', 'HAHRHRGSARLHPPL']"
PKG1,"['DLPQRKSSLVTSKLA', 'GTPTRKISASEFDRP']"
PKR,"['LKNDGKRTRSKGTLR', 'LKNDGKRTRSKGTLR', 'LKNDGKRTRSKGTLR', 'LKNDGKRTRSKGTLR', 'LKNDGKRTRSKGTLR', 'LKNDGKRTRSKGTLR', 'LKNDGKRTRSKGTLR', 'LKNDGKRTRSKGTLR', 'LKNDGKRTRSKGTLR', 'LKNDGKRTRSKGTLR', 'LKNDGKRTRSKGTLR', 'LKNDGKRTRSKGTLR']"
PLK1,"['VPELRDSSKLHDSLY', 'VPELRDSSKLHDSLY', 'VPELRDSSKLHDSLY', 'VPELRDSSKLHDSLY', 'VPELRDSSKLHDSLY', 'VPELRDSSKLHDSLY', 'VPELRDSSKLHDSLY', 'VPELRDSSKLHDSLY', 'VPELRDSSKLHDSLY', 'SDENKENSFSADHVT', 'KGSAVDASVQEESPV', 'QILDLERSLTEQQGR', 'ALPELDRTLSECAEM', 'KGSAVDASVQEESPV', 'QILDLERSLTEQQGR', 'ALPELDRTLSECAEM', 'KGSAVDASVQEESPV', 'QILDLERSLTEQQGR', 'ALPELDRTLSECAEM', 'KGSAVDASVQEESPV', 'QILDLERSLTEQQGR', 'ALPELDRTLSECAEM', 'LLLERDTSFTVCPDV', 'LLLERDTSFTVCPDV', 'EITKLDSSIISEGKI', 'INDSLEITKLDSSII', 'EITKLDSSIISEGKI', 'INDSLEITKLDSSII', 'EITKLDSSIISEGKI', 'INDSLEITKLDSSII', 'EITKLDSSIISEGKI', 'INDSLEITKLDSSII', 'EITKLDSSIISEGKI', 'INDSLEITKLDSSII', 'EITKLDSSIISEGKI', 'INDSLEITKLDSSII', 'EITKLDSSIISEGKI', 'INDSLEITKLDSSII', 'MEDLTNVSSLLNMER', 'MEDLTNVSSLLNMER', 'MEDLTNVSSLLNMER', 'MEDLTNVSSLLNMER', 'MEDLTNVSSLLNMER', 'MEDLTNVSSLLNMER', 'MEDLTNVSSLLNMER', 'MEDLTNVSSLLNMER', 'MEDLTNVSSLLNMER', 'KFIMGDSSVQDQWKE', 'KFIMGDSSVQDQWKE', 'IYQLMDHSNMDCFIC', 'SGLAANRSLTEGLVL', 'SGLAANRSLTEGLVL', 'QQFSLNQSRVEEITM', 'REEVGNISILQENDF', 'QQFSLNQSRVEEITM', 'REEVGNISILQENDF', 'GDGELDLSGIDDLEI', 'GDGELDLSGIDDLEI', 'DSLSTNSSDLVAPSP', 'FVPAENDSILMNPAQ', 'TKEGSEFSFSDGEVA', 'PEQIKEDSLSEESAD', 'TKEGSEFSFSDGEVA', 'PEQIKEDSLSEESAD', 'PTAALNESLVECPKC', 'DGEDEDDSFKDTSSI', 'ETVDMDCTLVSETVL', 'ETVDMDCTLVSETVL', 'ETVDMDCTLVSETVL', 'MANDSDDSISAATNK', 'MANDSDDSISAATNK', 'SSGSSEDSFVEIRMA', 'KVNFSDDSDLEDPVS', 'KVNFSDDSDLEDPVS', 'MSWNSDASTSEAS__', 'MSEGSDDSGLHGARP', 'KPESLENSILDSLEP', 'RFTKLNESTFDTQIT', 'LKKTKNLSSNEAISL', 'SFSGRDSSFTEVPRS', 'TEGNIDDSLIGGNAS']"
PLK2,"['DAIAELDTLSEESYK', 'LMEPEGESYEDPPQE']"
PLK3,['DAGALTTTFEELHFE']
PLK4,"['CVNLNSTSMYLVSGG', 'CVNLNSTSMYLVSGG', 'CVNLNSTSMYLVSGG', 'CVNLNSTSMYLVSGG', 'CVNLNSTSMYLVSGG', 'CVNLNSTSMYLVSGG', 'DRSTVGLSLISPNNM', 'LISPNNMSFATKKYM', 'DRSTVGLSLISPNNM', 'LISPNNMSFATKKYM']"
PRKD1,"['NPLLRKESAPPSLRR', 'RPLSRAQSSPAAPAS', 'NPLLRKESAPPSLRR', 'RPLSRAQSSPAAPAS', 'NPLLRKESAPPSLRR', 'RPLSRAQSSPAAPAS', 'PRLGQSASLNPPTQK', 'FSLLRGPSWDPFRDW', 'QALGRTQSSPAAPGG', 'QALGRTQSSPAAPGG', 'SFLVRKPSDPNRKPN']"
PRKD2,['HKVQRSVSANPKQRR']
PRP4,['ISVDGLSTPVVLSPG']
RAF1,['SAGDRYDSLLGRSGS']
RIPK3,"['ELRKTQTSMSLGTTR', 'ELRKTQTSMSLGTTR']"
ROCK1,"['KDPKRRMTIAQSLEH', 'KDPKRRMTIAQSLEH']"
ROCK2,['NDRKKRYTVVGNPYW']
RSK2,['SMQLRRPSDRELSEP']
SLK,"['AGRDKYKTLRQIRQG', 'QGRDKYKTLRQIRQG', 'LGRDKYKTLRQIRQG']"
SMG1,"['QMSQPGLSQPELSQD', 'GLSQPELSQDSYLGD', 'SQIDVALSQDSTYQG', 'HGGVTGLSQY_____', 'HGGVTGLSQY_____', 'QMSQPGLSQPELSQD', 'GLSQPELSQDSYLGD', 'SQIDVALSQDSTYQG', 'HGGVTGLSQY_____', 'HGGVTGLSQY_____', 'QMSQPGLSQPELSQD', 'GLSQPELSQDSYLGD', 'SQIDVALSQDSTYQG', 'HGGVTGLSQY_____', 'HGGVTGLSQY_____', 'QMSQPGLSQPELSQD', 'GLSQPELSQDSYLGD', 'SQIDVALSQDSTYQG', 'HGGVTGLSQY_____', 'HGGVTGLSQY_____', 'PSVEPPLSQETFSDL']"
SRPK1,['GGRRRSRSPDRRRR_']
SRPK2,['SSGSRSHSPLRSKQR']
STLK3,"['SAYTYEKTLVMEQRS', 'SAYTYEKTLVMEQRS', 'SAYTYEKTLVMEQRS', 'SAYTYEKTLVMEQRS', 'SAYTYEKTLVMEQRS', 'HQHYYYDTHTNTYYL', 'HQHYYYDTHTNTYYL', 'HQHYYYDTHTNTYYL', 'SAYTYERTLMMEQRS', 'GADKIQMTWTRDKYM', 'SAYTYERTLMMEQRS', 'GADKIQMTWTRDKYM', 'SAYTYERTLMMEQRS', 'GADKIQMTWTRDKYM', '__MPTNFTVVPVEAH', 'TPDKVQMTWTREKLI', '__MPTNFTVVPVEAH', 'TPDKVQMTWTREKLI', '__MPTNFTVVPVEAH', 'TPDKVQMTWTREKLI', 'YQEKVHMTWTKDKYM', 'SAYTYERTLMMEQRS', 'YQEKVHMTWTKDKYM', 'SAYTYERTLMMEQRS', 'YQEKVHMTWTKDKYM', 'SAYTYERTLMMEQRS']"
TAK1,"['DIERPTYTNLNRLIS', 'IDTIEIITDRQSGKK', 'SVDARALTQTGGPHV', 'CDIQTHMTNNKGSAA', 'CDIQTHMTNNKGSAA', 'CDIQTHMTNNKGSAA', 'CDIQTHMTNNKGSAA', 'RVPVATYTNSSQPFR', 'LGPDRFSTLTDDPSP', 'LGPDRFSTLTDDPSP', 'KDGTVISTFKKRAVE']"
TBK1,"['PESEGPSSLDPSQEG', 'PESEGPSSLDPSQEG', 'SKSDSQASLTVPLSP', 'SKSDSQASLTVPLSP', 'ISNSHPLSLTSDQYK', 'ISNSHPLSLTSDQYK', 'ISNSHPLSLTSDQYK', 'ISNSHPLSLTSDQYK', 'ISNSHPLSLTSDQYK', 'ISNSHPLSLTSDQYK', 'ISNSHPLSLTSDQYK', 'ISNSHPLSLTSDQYK', 'ISNSHPLSLTSDQYK', 'PSLTNPPSLSPIRRK', 'PSLTNPPSLSPIRRK', 'RIQSIAPSLQVITSK', 'ISGSNYKSLEVLVAD', 'SKWSGPLSLQEVDEQ']"
TLK2,['KLEDAESSNPNLQSL']
TTK,"['EVLTSSPTRNLNGAY', 'EVLTSSPTRNLNGAY', 'EVLTSSPTRNLNGAY', 'LHLKEDQTEYLEERR', 'DQEELNKTKPIWTRN', 'PLEGDDDTSRMEEVD', 'KFKNEDLTDELSLNK', 'NQMQPDTTSVVKDSQ', 'KFKNEDLTDELSLNK', 'NQMQPDTTSVVKDSQ', 'KFKNEDLTDELSLNK', 'NQMQPDTTSVVKDSQ', 'KFKNEDLTDELSLNK', 'NQMQPDTTSVVKDSQ', 'KFKNEDLTDELSLNK', 'NQMQPDTTSVVKDSQ', 'KFKNEDLTDELSLNK', 'NQMQPDTTSVVKDSQ', 'KFKNEDLTDELSLNK', 'NQMQPDTTSVVKDSQ', 'KFKNEDLTDELSLNK', 'NQMQPDTTSVVKDSQ', 'KFKNEDLTDELSLNK', 'NQMQPDTTSVVKDSQ', 'KFKNEDLTDELSLNK', 'NQMQPDTTSVVKDSQ', 'KFKNEDLTDELSLNK', 'NQMQPDTTSVVKDSQ', 'KFKNEDLTDELSLNK', 'NQMQPDTTSVVKDSQ', 'KFKNEDLTDELSLNK', 'NQMQPDTTSVVKDSQ', 'KFKNEDLTDELSLNK', 'NQMQPDTTSVVKDSQ', 'KFKNEDLTDELSLNK', 'NQMQPDTTSVVKDSQ', 'KFKNEDLTDELSLNK', 'NQMQPDTTSVVKDSQ', 'KFKNEDLTDELSLNK', 'NQMQPDTTSVVKDSQ', 'KFKNEDLTDELSLNK', 'NQMQPDTTSVVKDSQ', 'KFKNEDLTDELSLNK', 'NQMQPDTTSVVKDSQ', 'KFKNEDLTDELSLNK', 'NQMQPDTTSVVKDSQ', 'KFKNEDLTDELSLNK', 'NQMQPDTTSVVKDSQ', 'KFKNEDLTDELSLNK', 'NQMQPDTTSVVKDSQ', 'KFKNEDLTDELSLNK', 'NQMQPDTTSVVKDSQ', 'KFKNEDLTDELSLNK', 'NQMQPDTTSVVKDSQ', 'KFKNEDLTDELSLNK', 'NQMQPDTTSVVKDSQ', 'KFKNEDLTDELSLNK', 'NQMQPDTTSVVKDSQ', 'KFKNEDLTDELSLNK', 'NQMQPDTTSVVKDSQ', 'KFKNEDLTDELSLNK', 'NQMQPDTTSVVKDSQ', 'DFMETENSSSVKKQK', 'DFMETENSSSVKKQK', 'DFMETENSSSVKKQK', 'MEDLGENTMVLSTLR', 'MEDLGENTMVLSTLR', 'MEDLGENTMVLSTLR', 'MEDLGENTMVLSTLR', 'MEDLGENTMVLSTLR', 'MEDLGENTMVLSTLR', 'MEDLGENTMVLSTLR', 'SGTGNDITTPPNKEL', 'ETSQIEDTPSSKPTL', 'VRSKVGSTENIKHQP', 'GVEGSDTTGSPTEFL', 'SGTGNDITTPPNKEL', 'ETSQIEDTPSSKPTL', 'VRSKVGSTENIKHQP', 'GVEGSDTTGSPTEFL', 'ATADLDITEINKLTA', 'ATADLDITEINKLTA', 'ATADLDITEINKLTA', 'ATADLDITEINKLTA', 'ATADLDITEINKLTA', 'LNANDEATVSVLGEL', 'IEDSREATHSSGFSG', 'LNANDEATVSVLGEL', 'IEDSREATHSSGFSG', 'LNANDEATVSVLGEL', 'IEDSREATHSSGFSG', 'LNANDEATVSVLGEL', 'IEDSREATHSSGFSG']"
ULK1,"['SKDGFSKSMVNTKPE', 'EYQRLEASYSDSPPG', 'EYQRLEASYSDSPPG', 'LVMNMLKSSFATCVL', 'LVMNMLKSSFATCVL', 'NEEKMHQSAMYELCQ', 'RLRKLPDSFFKPPEP', 'RLRKLPDSFFKPPEP', 'NNSTMQVSFVCQRCS', 'NNSTMQVSFVCQRCS', 'NNSTMQVSFVCQRCS', 'NNSTMQVSFVCQRCS', 'NNSTMQVSFVCQRCS', 'QLADLYKSFIKDYPV', 'QLADLYKSFIKDYPV', 'NQRLMSQSMSSVSSR', 'ELQSLEQSHLKELED', 'NQRLMSQSMSSVSSR', 'ELQSLEQSHLKELED', 'NQRLMSQSMSSVSSR', 'ELQSLEQSHLKELED', '______MSLYPSLED', 'AEGASVESSSPGPKK', 'AEGASVESSSPGPKK', 'AEGASVESSSPGPKK']"
VRK1,['HELPPGSTKRALPNN']
WNK1,"['MMKKYGKSFRKLLSL', 'MMKKYGKSFRKLLSL']"
WNK3,"['DTRPKVSSLLNRMAN', 'DTRPKVSSLLNRMAN', 'DTRPKVSSLLNRMAN']"
